member_id,email,username,loyalty_tier
M2876,michaelo443@rewardsportal.org,michaelo443,Silver
M2745,jamesmoo320@rewardsportal.org,jamesmoo320,Bronze
M2980,annecham180@rewardsportal.org,annecham180,Bronze
M2361,ryanhard712@rewardsportal.org,ryanhard712,Silver
M2167,jennifer92@rewardsportal.org,jennifer92,Bronze
M2949,benjamin531@rewardsportal.org,benjamin531,Silver
M2133,chadsmit542@rewardsportal.org,chadsmit542,Silver
M2809,kimberly451@rewardsportal.org,kimberly451,Silver
M2983,staceyra889@rewardsportal.org,staceyra889,Bronze
M2683,abigailc596@rewardsportal.org,abigailc596,Bronze
M2538,michaelj852@rewardsportal.org,michaelj852,Silver
M2898,codygarr634@rewardsportal.org,codygarr634,Bronze
M2534,shanecal771@rewardsportal.org,shanecal771,Gold
M2920,jamesmil111@rewardsportal.org,jamesmil111,Gold
M2929,melindam730@rewardsportal.org,melindam730,Bronze
M2005,sarahpar527@rewardsportal.org,sarahpar527,Bronze
M2285,amyblack205@rewardsportal.org,amyblack205,Silver
M2221,michaelo362@rewardsportal.org,michaelo362,Platinum
M2710,jennifer997@rewardsportal.org,jennifer997,Gold
M2321,maryadam716@rewardsportal.org,maryadam716,Silver
M3072,michelle191@rewardsportal.org,michelle191,Bronze
M2965,coreywal610@rewardsportal.org,coreywal610,Gold
M2962,staceype560@rewardsportal.org,staceype560,Bronze
M2860,anthonyc654@rewardsportal.org,anthonyc654,Bronze
M2925,brendaro105@rewardsportal.org,brendaro105,Bronze
M2559,maryboyd883@rewardsportal.org,maryboyd883,Silver
M2350,mariajoh660@rewardsportal.org,mariajoh660,Platinum
M3048,kellylee173@rewardsportal.org,kellylee173,Bronze
M2482,mitchell799@rewardsportal.org,mitchell799,Gold
M2751,harrymar535@rewardsportal.org,harrymar535,Silver
M2872,brandonp614@rewardsportal.org,brandonp614,Silver
M2214,amymanni728@rewardsportal.org,amymanni728,Silver
M2931,patricia706@rewardsportal.org,patricia706,Bronze
M2757,jameslee210@rewardsportal.org,jameslee210,Bronze
M2243,timothyw592@rewardsportal.org,timothyw592,Bronze
M2111,margaret140@rewardsportal.org,margaret140,Bronze
M2869,codyhoov635@rewardsportal.org,codyhoov635,Silver
M2144,conniejo486@rewardsportal.org,conniejo486,Bronze
M2332,brentroj653@rewardsportal.org,brentroj653,Platinum
M2355,raymondt982@rewardsportal.org,raymondt982,Silver
M2046,williedu954@rewardsportal.org,williedu954,Platinum
M2069,elizabet357@rewardsportal.org,elizabet357,Bronze
M2634,mariagar461@rewardsportal.org,mariagar461,Bronze
M3044,michaelw339@rewardsportal.org,michaelw339,Bronze
M2797,shaunpet247@rewardsportal.org,shaunpet247,Bronze
M2637,russellm754@rewardsportal.org,russellm754,Silver
M2182,kristeng897@rewardsportal.org,kristeng897,Bronze
M3129,nicholas808@rewardsportal.org,nicholas808,Gold
M2479,jamielov766@rewardsportal.org,jamielov766,Bronze
M2918,alfredle143@rewardsportal.org,alfredle143,Gold
M2253,ryanjohn162@rewardsportal.org,ryanjohn162,Gold
M2462,donnajoh428@rewardsportal.org,donnajoh428,Silver
M2523,jessicab569@rewardsportal.org,jessicab569,Gold
M2849,brentbur363@rewardsportal.org,brentbur363,Silver
M2228,karenhow862@rewardsportal.org,karenhow862,Bronze
M2545,caitlinm425@rewardsportal.org,caitlinm425,Silver
M2528,krystale214@rewardsportal.org,krystale214,Bronze
M2372,brianlee25@rewardsportal.org,brianlee25,Gold
M2602,kellyste537@rewardsportal.org,kellyste537,Silver
M2112,melaniel891@rewardsportal.org,melaniel891,Gold
M2894,nicolefr470@rewardsportal.org,nicolefr470,Bronze
M2772,michelec749@rewardsportal.org,michelec749,Silver
M2844,michaels349@rewardsportal.org,michaels349,Bronze
M2354,stacyhar148@rewardsportal.org,stacyhar148,Silver
M2309,dariusco788@rewardsportal.org,dariusco788,Silver
M2766,dustinjo432@rewardsportal.org,dustinjo432,Gold
M2588,taylorme519@rewardsportal.org,taylorme519,Silver
M2723,amybryan562@rewardsportal.org,amybryan562,Gold
M2370,kimberly143@rewardsportal.org,kimberly143,Bronze
M2829,jamesshe383@rewardsportal.org,jamesshe383,Platinum
M3005,terrywar432@rewardsportal.org,terrywar432,Gold
M2061,alexisba890@rewardsportal.org,alexisba890,Bronze
M2796,ericrile773@rewardsportal.org,ericrile773,Bronze
M2536,melindan386@rewardsportal.org,melindan386,Bronze
M2793,charlesm864@rewardsportal.org,charlesm864,Silver
M2472,drjessic979@rewardsportal.org,drjessic979,Platinum
M3106,ashleymi389@rewardsportal.org,ashleymi389,Bronze
M2539,margaret115@rewardsportal.org,margaret115,Bronze
M2033,raymondj531@rewardsportal.org,raymondj531,Bronze
M2145,ronaldpo533@rewardsportal.org,ronaldpo533,Gold
M3017,curtismo882@rewardsportal.org,curtismo882,Bronze
M2339,mariahmc976@rewardsportal.org,mariahmc976,Platinum
M2286,annnguye894@rewardsportal.org,annnguye894,Bronze
M2099,dylanhug116@rewardsportal.org,dylanhug116,Bronze
M2547,timothym879@rewardsportal.org,timothym879,Silver
M2930,stevenpa89@rewardsportal.org,stevenpa89,Silver
M2641,johnmorr702@rewardsportal.org,johnmorr702,Silver
M2660,aarongal426@rewardsportal.org,aarongal426,Platinum
M3042,kennethw740@rewardsportal.org,kennethw740,Silver
M2994,scottmal587@rewardsportal.org,scottmal587,Silver
M2241,jasonrod399@rewardsportal.org,jasonrod399,Platinum
M2010,georgech230@rewardsportal.org,georgech230,Bronze
M3077,paulwagn89@rewardsportal.org,paulwagn89,Bronze
M2612,kaylawat405@rewardsportal.org,kaylawat405,Silver
M2124,jennifer238@rewardsportal.org,jennifer238,Silver
M2052,cynthiad979@rewardsportal.org,cynthiad979,Bronze
M2791,carrieha850@rewardsportal.org,carrieha850,Gold
M3043,juliejoh506@rewardsportal.org,juliejoh506,Platinum
M2154,brianpor714@rewardsportal.org,brianpor714,Gold
M3149,robinpar731@rewardsportal.org,robinpar731,Bronze
M2749,marydona339@rewardsportal.org,marydona339,Bronze
M2315,michaelw901@rewardsportal.org,michaelw901,Silver
M2446,juliacon894@rewardsportal.org,juliacon894,Bronze
M3178,amandasa753@rewardsportal.org,amandasa753,Bronze
M2294,cheyenne595@rewardsportal.org,cheyenne595,Bronze
M2419,charleso363@rewardsportal.org,charleso363,Bronze
M2478,pamelaro113@rewardsportal.org,pamelaro113,Gold
M2224,manuelmc207@rewardsportal.org,manuelmc207,Bronze
M2581,kellypal105@rewardsportal.org,kellypal105,Silver
M2701,samuelsi587@rewardsportal.org,samuelsi587,Silver
M2474,michaelc380@rewardsportal.org,michaelc380,Bronze
M3047,kathryna552@rewardsportal.org,kathryna552,Gold
M2913,mrscottm899@rewardsportal.org,mrscottm899,Bronze
M3189,brandonc607@rewardsportal.org,brandonc607,Platinum
M2452,thomaswh639@rewardsportal.org,thomaswh639,Silver
M3150,carolynb485@rewardsportal.org,carolynb485,Bronze
M2276,nicoledu218@rewardsportal.org,nicoledu218,Silver
M3070,adamgall691@rewardsportal.org,adamgall691,Gold
M3000,carlosmy11@rewardsportal.org,carlosmy11,Bronze
M2959,victorya981@rewardsportal.org,victorya981,Silver
M2866,desirees201@rewardsportal.org,desirees201,Bronze
M3065,ralphedw610@rewardsportal.org,ralphedw610,Bronze
M2818,michaelm505@rewardsportal.org,michaelm505,Bronze
M2127,mariariv705@rewardsportal.org,mariariv705,Bronze
M2934,michaelc402@rewardsportal.org,michaelc402,Silver
M3156,angelamu176@rewardsportal.org,angelamu176,Gold
M2238,kaitlynb586@rewardsportal.org,kaitlynb586,Bronze
M2877,michelle720@rewardsportal.org,michelle720,Platinum
M2901,scottaye621@rewardsportal.org,scottaye621,Bronze
M3148,laurafow43@rewardsportal.org,laurafow43,Bronze
M2184,tammiepr355@rewardsportal.org,tammiepr355,Bronze
M2692,williamb233@rewardsportal.org,williamb233,Silver
M2249,markcole729@rewardsportal.org,markcole729,Bronze
M2394,kevinmac452@rewardsportal.org,kevinmac452,Silver
M2677,richardn635@rewardsportal.org,richardn635,Gold
M2620,paulhess153@rewardsportal.org,paulhess153,Platinum
M2752,robertwh749@rewardsportal.org,robertwh749,Gold
M3151,darinbyr707@rewardsportal.org,darinbyr707,Bronze
M2517,sarathom529@rewardsportal.org,sarathom529,Bronze
M3180,jodymart377@rewardsportal.org,jodymart377,Bronze
M2722,amandaar768@rewardsportal.org,amandaar768,Bronze
M2839,sandrasm438@rewardsportal.org,sandrasm438,Bronze
M2852,jessicac813@rewardsportal.org,jessicac813,Silver
M3083,jennifer405@rewardsportal.org,jennifer405,Silver
M3100,jamesmil99@rewardsportal.org,jamesmil99,Gold
M3193,jordansa360@rewardsportal.org,jordansa360,Platinum
M3062,heatherm610@rewardsportal.org,heatherm610,Platinum
M3115,davidnel414@rewardsportal.org,davidnel414,Bronze
M2390,andrewde474@rewardsportal.org,andrewde474,Bronze
M2645,nathanie222@rewardsportal.org,nathanie222,Silver
M3011,michaels727@rewardsportal.org,michaels727,Bronze
M3002,jamesrob253@rewardsportal.org,jamesrob253,Silver
M3050,kristijo67@rewardsportal.org,kristijo67,Silver
M3030,codylaws934@rewardsportal.org,codylaws934,Bronze
M2516,sabrinaf986@rewardsportal.org,sabrinaf986,Silver
M2382,carolynb85@rewardsportal.org,carolynb85,Bronze
M2063,donaldsc145@rewardsportal.org,donaldsc145,Platinum
M2422,davidfra66@rewardsportal.org,davidfra66,Bronze
M2735,ericlong317@rewardsportal.org,ericlong317,Bronze
M2322,ericbrow213@rewardsportal.org,ericbrow213,Gold
M2006,jessicas743@rewardsportal.org,jessicas743,Silver
M2256,omarpric137@rewardsportal.org,omarpric137,Silver
M2618,lisarive740@rewardsportal.org,lisarive740,Gold
M2170,kevindra435@rewardsportal.org,kevindra435,Bronze
M2908,amandaso601@rewardsportal.org,amandaso601,Bronze
M2861,rachelsm452@rewardsportal.org,rachelsm452,Bronze
M2596,teresafo585@rewardsportal.org,teresafo585,Bronze
M2639,russelln499@rewardsportal.org,russelln499,Bronze
M2313,lindseyk553@rewardsportal.org,lindseyk553,Silver
M2262,jessical793@rewardsportal.org,jessical793,Gold
M2250,jillianm956@rewardsportal.org,jillianm956,Gold
M2725,charless249@rewardsportal.org,charless249,Silver
M2830,marvingo616@rewardsportal.org,marvingo616,Bronze
M2924,kennethr319@rewardsportal.org,kennethr319,Gold
M2805,kylerich738@rewardsportal.org,kylerich738,Bronze
M2120,jamesjac264@rewardsportal.org,jamesjac264,Bronze
M3161,teresaha239@rewardsportal.org,teresaha239,Silver
M2107,joshuahi574@rewardsportal.org,joshuahi574,Bronze
M3069,ronaldca720@rewardsportal.org,ronaldca720,Gold
M2977,lawrence288@rewardsportal.org,lawrence288,Bronze
M2329,anitaser631@rewardsportal.org,anitaser631,Bronze
M2848,melissas705@rewardsportal.org,melissas705,Silver
M2691,paulchri785@rewardsportal.org,paulchri785,Gold
M2680,cristian498@rewardsportal.org,cristian498,Platinum
M2470,morgango327@rewardsportal.org,morgango327,Bronze
M2404,amandaga875@rewardsportal.org,amandaga875,Platinum
M2260,amandapi103@rewardsportal.org,amandapi103,Platinum
M2583,drmorgan649@rewardsportal.org,drmorgan649,Platinum
M2909,madeline394@rewardsportal.org,madeline394,Bronze
M2619,erinlewi477@rewardsportal.org,erinlewi477,Silver
M2458,ericasim361@rewardsportal.org,ericasim361,Bronze
M2160,johncamp922@rewardsportal.org,johncamp922,Silver
M2343,christop876@rewardsportal.org,christop876,Bronze
M2810,cheyenne427@rewardsportal.org,cheyenne427,Bronze
M2915,maryrich824@rewardsportal.org,maryrich824,Bronze
M2514,alishama594@rewardsportal.org,alishama594,Bronze
M3130,matthewm911@rewardsportal.org,matthewm911,Gold
M2014,kevinsha859@rewardsportal.org,kevinsha859,Silver
M2043,allisonp901@rewardsportal.org,allisonp901,Bronze
M2561,colleenc693@rewardsportal.org,colleenc693,Silver
M2595,jameskel418@rewardsportal.org,jameskel418,Gold
M2662,timothym338@rewardsportal.org,timothym338,Silver
M2779,michelle241@rewardsportal.org,michelle241,Silver
M3162,toddli739@rewardsportal.org,toddli739,Silver
M2790,ericpete26@rewardsportal.org,ericpete26,Silver
M3075,jamessal335@rewardsportal.org,jamessal335,Bronze
M2817,kellydec181@rewardsportal.org,kellydec181,Bronze
M3102,melindap221@rewardsportal.org,melindap221,Silver
M3024,taylorrh265@rewardsportal.org,taylorrh265,Silver
M2781,patrickv425@rewardsportal.org,patrickv425,Bronze
M2445,samantha668@rewardsportal.org,samantha668,Platinum
M2943,nancyhal153@rewardsportal.org,nancyhal153,Silver
M2770,davidkan685@rewardsportal.org,davidkan685,Bronze
M2197,tamarapo213@rewardsportal.org,tamarapo213,Silver
M2039,karensho778@rewardsportal.org,karensho778,Gold
M2417,danielga444@rewardsportal.org,danielga444,Silver
M2880,stephani64@rewardsportal.org,stephani64,Platinum
M2180,melissam37@rewardsportal.org,melissam37,Silver
M2663,ashleymu101@rewardsportal.org,ashleymu101,Silver
M2200,andrewcr825@rewardsportal.org,andrewcr825,Gold
M2234,mattheww358@rewardsportal.org,mattheww358,Platinum
M2582,fredmose974@rewardsportal.org,fredmose974,Bronze
M2387,charlesh127@rewardsportal.org,charlesh127,Silver
M3117,michaelg645@rewardsportal.org,michaelg645,Bronze
M2542,kathysha53@rewardsportal.org,kathysha53,Gold
M2231,garywils576@rewardsportal.org,garywils576,Silver
M2331,tammytho795@rewardsportal.org,tammytho795,Silver
M2173,tiffanym975@rewardsportal.org,tiffanym975,Bronze
M2195,madeline602@rewardsportal.org,madeline602,Platinum
M2731,justince58@rewardsportal.org,justince58,Platinum
M2759,danphill976@rewardsportal.org,danphill976,Bronze
M2986,lauracol768@rewardsportal.org,lauracol768,Bronze
M2013,johnhanc137@rewardsportal.org,johnhanc137,Bronze
M3037,robertsh641@rewardsportal.org,robertsh641,Silver
M2172,jacqueli887@rewardsportal.org,jacqueli887,Bronze
M2681,jeffreyj277@rewardsportal.org,jeffreyj277,Bronze
M2448,chelsear825@rewardsportal.org,chelsear825,Silver
M2709,mrsamand469@rewardsportal.org,mrsamand469,Bronze
M2347,jakemitc972@rewardsportal.org,jakemitc972,Bronze
M2408,stacyhar729@rewardsportal.org,stacyhar729,Platinum
M3139,daltonfa147@rewardsportal.org,daltonfa147,Platinum
M3153,jamescol610@rewardsportal.org,jamescol610,Bronze
M2822,garyhopk399@rewardsportal.org,garyhopk399,Bronze
M2363,christin135@rewardsportal.org,christin135,Bronze
M2661,moniqued498@rewardsportal.org,moniqued498,Bronze
M3052,briantur190@rewardsportal.org,briantur190,Silver
M3091,breannar570@rewardsportal.org,breannar570,Bronze
M1042,johndoe.loyalty@club.com,johndoe,Platinum
M2529,patricia537@rewardsportal.org,patricia537,Platinum
M2134,michaelh764@rewardsportal.org,michaelh764,Bronze
M3143,seansand538@rewardsportal.org,seansand538,Gold
M3010,carloslo881@rewardsportal.org,carloslo881,Platinum
M2384,caseymor609@rewardsportal.org,caseymor609,Silver
M2075,robertpe502@rewardsportal.org,robertpe502,Gold
M2746,erinorte995@rewardsportal.org,erinorte995,Bronze
M2991,jacksons80@rewardsportal.org,jacksons80,Gold
M2883,anthonyb513@rewardsportal.org,anthonyb513,Silver
M2510,lesliesm478@rewardsportal.org,lesliesm478,Bronze
M2816,tamaragr318@rewardsportal.org,tamaragr318,Silver
M3023,timothyc885@rewardsportal.org,timothyc885,Silver
M2389,allisonm472@rewardsportal.org,allisonm472,Bronze
M2118,donaldha956@rewardsportal.org,donaldha956,Gold
M2904,tiffanyd995@rewardsportal.org,tiffanyd995,Platinum
M2374,sandrahe63@rewardsportal.org,sandrahe63,Silver
M2513,rhondamu449@rewardsportal.org,rhondamu449,Silver
M2685,travisjo486@rewardsportal.org,travisjo486,Bronze
M2755,jeremybu159@rewardsportal.org,jeremybu159,Bronze
M2964,michealw837@rewardsportal.org,michealw837,Silver
M2549,patrickh670@rewardsportal.org,patrickh670,Bronze
M2893,georgezh779@rewardsportal.org,georgezh779,Bronze
M2011,cindyand109@rewardsportal.org,cindyand109,Gold
M2836,alicerob167@rewardsportal.org,alicerob167,Bronze
M2098,tracylew846@rewardsportal.org,tracylew846,Bronze
M2824,amandacr317@rewardsportal.org,amandacr317,Silver
M2330,brianher645@rewardsportal.org,brianher645,Silver
M2467,ericarch93@rewardsportal.org,ericarch93,Silver
M2527,sarahjoh47@rewardsportal.org,sarahjoh47,Bronze
M2967,andreaco457@rewardsportal.org,andreaco457,Platinum
M3039,matthewl296@rewardsportal.org,matthewl296,Bronze
M2378,jasonran54@rewardsportal.org,jasonran54,Gold
M2440,tracybla844@rewardsportal.org,tracybla844,Bronze
M2998,jennifer34@rewardsportal.org,jennifer34,Silver
M2393,jeffreys78@rewardsportal.org,jeffreys78,Gold
M2938,lindacra156@rewardsportal.org,lindacra156,Silver
M2640,keithcha480@rewardsportal.org,keithcha480,Bronze
M3168,paulaone315@rewardsportal.org,paulaone315,Bronze
M3123,melissan99@rewardsportal.org,melissan99,Silver
M2531,wendydav205@rewardsportal.org,wendydav205,Bronze
M3125,johnjaco815@rewardsportal.org,johnjaco815,Silver
M2896,nicolejo804@rewardsportal.org,nicolejo804,Bronze
M2143,katherin450@rewardsportal.org,katherin450,Silver
M2488,christin386@rewardsportal.org,christin386,Platinum
M3020,robinlop161@rewardsportal.org,robinlop161,Silver
M2102,deborahr713@rewardsportal.org,deborahr713,Gold
M2960,kellypri739@rewardsportal.org,kellypri739,Gold
M2385,jonathan621@rewardsportal.org,jonathan621,Bronze
M2813,jameskni407@rewardsportal.org,jameskni407,Silver
M2007,ashleydy235@rewardsportal.org,ashleydy235,Silver
M2643,timothyy990@rewardsportal.org,timothyy990,Bronze
M3076,jamester116@rewardsportal.org,jamester116,Bronze
M2774,shannonw450@rewardsportal.org,shannonw450,Bronze
M2369,lauravar817@rewardsportal.org,lauravar817,Bronze
M3182,cynthiaj310@rewardsportal.org,cynthiaj310,Silver
M2466,larryjon997@rewardsportal.org,larryjon997,Gold
M2975,erinleac809@rewardsportal.org,erinleac809,Silver
M2854,cynthiaw473@rewardsportal.org,cynthiaw473,Bronze
M2048,kimberly909@rewardsportal.org,kimberly909,Bronze
M2847,douglasc466@rewardsportal.org,douglasc466,Bronze
M2176,stephenm234@rewardsportal.org,stephenm234,Bronze
M3198,michaelb182@rewardsportal.org,michaelb182,Gold
M2838,lauraols606@rewardsportal.org,lauraols606,Silver
M2183,johnlync398@rewardsportal.org,johnlync398,Bronze
M3015,matthewb133@rewardsportal.org,matthewb133,Bronze
M3173,richardg839@rewardsportal.org,richardg839,Bronze
M2132,carolynj270@rewardsportal.org,carolynj270,Silver
M3088,jennifer876@rewardsportal.org,jennifer876,Bronze
M2191,andrewer980@rewardsportal.org,andrewer980,Silver
M2257,markwill422@rewardsportal.org,markwill422,Silver
M2801,lisaarms973@rewardsportal.org,lisaarms973,Bronze
M2065,kristiew836@rewardsportal.org,kristiew836,Bronze
M2096,benjamin458@rewardsportal.org,benjamin458,Silver
M2738,elizabet271@rewardsportal.org,elizabet271,Bronze
M2942,monicame890@rewardsportal.org,monicame890,Bronze
M2299,coreyhil349@rewardsportal.org,coreyhil349,Gold
M3084,ryanston915@rewardsportal.org,ryanston915,Silver
M2437,allengon88@rewardsportal.org,allengon88,Silver
M2957,stevendu84@rewardsportal.org,stevendu84,Silver
M3068,jamesrog334@rewardsportal.org,jamesrog334,Silver
M2592,mrsjenni435@rewardsportal.org,mrsjenni435,Silver
M3006,evelynpi775@rewardsportal.org,evelynpi775,Silver
M2101,katiehic629@rewardsportal.org,katiehic629,Silver
M2769,jacobbre663@rewardsportal.org,jacobbre663,Platinum
M2475,nicolewr983@rewardsportal.org,nicolewr983,Bronze
M2298,andrewhu997@rewardsportal.org,andrewhu997,Bronze
M2064,nicholas600@rewardsportal.org,nicholas600,Bronze
M2003,reneebla768@rewardsportal.org,reneebla768,Bronze
M2647,nicoleme748@rewardsportal.org,nicoleme748,Bronze
M2076,lisacox178@rewardsportal.org,lisacox178,Bronze
M2936,garylawr150@rewardsportal.org,garylawr150,Gold
M3057,joshuael512@rewardsportal.org,joshuael512,Bronze
M2600,sandrabe843@rewardsportal.org,sandrabe843,Platinum
M2969,kelseyfr128@rewardsportal.org,kelseyfr128,Silver
M2724,daltoncl67@rewardsportal.org,daltoncl67,Silver
M2671,coltonri546@rewardsportal.org,coltonri546,Gold
M2413,jaclyncr171@rewardsportal.org,jaclyncr171,Bronze
M2823,jasonsim845@rewardsportal.org,jasonsim845,Platinum
M2777,jessewil824@rewardsportal.org,jessewil824,Bronze
M2418,kimberly289@rewardsportal.org,kimberly289,Gold
M2156,pamelasa190@rewardsportal.org,pamelasa190,Silver
M2062,amandalo295@rewardsportal.org,amandalo295,Silver
M2067,sergiokn488@rewardsportal.org,sergiokn488,Bronze
M2225,ianfrazi983@rewardsportal.org,ianfrazi983,Bronze
M2471,carolynb346@rewardsportal.org,carolynb346,Silver
M3018,kendrasu712@rewardsportal.org,kendrasu712,Gold
M2210,matthewo259@rewardsportal.org,matthewo259,Silver
M2230,haleyspa139@rewardsportal.org,haleyspa139,Bronze
M2792,robinrig316@rewardsportal.org,robinrig316,Silver
M2750,raymondr674@rewardsportal.org,raymondr674,Bronze
M2171,kylesmit408@rewardsportal.org,kylesmit408,Platinum
M2282,alexande520@rewardsportal.org,alexande520,Bronze
M3097,dylanval298@rewardsportal.org,dylanval298,Bronze
M2928,christop726@rewardsportal.org,christop726,Bronze
M2297,susanwal821@rewardsportal.org,susanwal821,Platinum
M2623,tomwatki858@rewardsportal.org,tomwatki858,Silver
M2246,bryanhol575@rewardsportal.org,bryanhol575,Bronze
M2744,gordonha500@rewardsportal.org,gordonha500,Gold
M2753,sarahram946@rewardsportal.org,sarahram946,Bronze
M3040,colinmck668@rewardsportal.org,colinmck668,Bronze
M3163,conniesm926@rewardsportal.org,conniesm926,Gold
M2248,robertro43@rewardsportal.org,robertro43,Bronze
M2575,jennifer861@rewardsportal.org,jennifer861,Silver
M3033,lisakais851@rewardsportal.org,lisakais851,Bronze
M2019,christin176@rewardsportal.org,christin176,Bronze
M2025,curtisjo67@rewardsportal.org,curtisjo67,Gold
M2368,elijahmo842@rewardsportal.org,elijahmo842,Bronze
M2223,christop323@rewardsportal.org,christop323,Bronze
M2718,robinwal838@rewardsportal.org,robinwal838,Bronze
M3067,dustinjo820@rewardsportal.org,dustinjo820,Platinum
M2604,rebeccap527@rewardsportal.org,rebeccap527,Platinum
M2030,leslieal772@rewardsportal.org,leslieal772,Silver
M2004,markdiaz42@rewardsportal.org,markdiaz42,Bronze
M2495,scottmez174@rewardsportal.org,scottmez174,Bronze
M3128,oliviaca997@rewardsportal.org,oliviaca997,Platinum
M2281,ryanthom482@rewardsportal.org,ryanthom482,Silver
M2162,cynthiav466@rewardsportal.org,cynthiav466,Silver
M2027,natashaw945@rewardsportal.org,natashaw945,Gold
M2029,tiffanyb479@rewardsportal.org,tiffanyb479,Bronze
M3027,christop420@rewardsportal.org,christop420,Silver
M2800,thomasda471@rewardsportal.org,thomasda471,Bronze
M2627,mikewell903@rewardsportal.org,mikewell903,Silver
M2706,luissing966@rewardsportal.org,luissing966,Bronze
M2506,lawrence865@rewardsportal.org,lawrence865,Silver
M2605,bethjohn607@rewardsportal.org,bethjohn607,Bronze
M2240,kellymcl620@rewardsportal.org,kellymcl620,Bronze
M2265,martinpr456@rewardsportal.org,martinpr456,Gold
M2038,michaelm706@rewardsportal.org,michaelm706,Bronze
M2237,sarahhop712@rewardsportal.org,sarahhop712,Bronze
M2066,hollyfar684@rewardsportal.org,hollyfar684,Bronze
M2825,kristenc215@rewardsportal.org,kristenc215,Bronze
M2357,michelle916@rewardsportal.org,michelle916,Silver
M2337,julietay907@rewardsportal.org,julietay907,Silver
M2021,ashleywa83@rewardsportal.org,ashleywa83,Silver
M2705,richardn75@rewardsportal.org,richardn75,Platinum
M2137,erinhoga931@rewardsportal.org,erinhoga931,Silver
M2728,luiskim236@rewardsportal.org,luiskim236,Bronze
M2519,marycant269@rewardsportal.org,marycant269,Bronze
M2480,laurasmi907@rewardsportal.org,laurasmi907,Bronze
M2208,ambermar758@rewardsportal.org,ambermar758,Bronze
M2568,monicasm77@rewardsportal.org,monicasm77,Bronze
M2737,katelynb580@rewardsportal.org,katelynb580,Bronze
M2820,robertfo210@rewardsportal.org,robertfo210,Bronze
M2773,williams27@rewardsportal.org,williams27,Gold
M3158,johnmart221@rewardsportal.org,johnmart221,Silver
M2954,michaelw145@rewardsportal.org,michaelw145,Gold
M2950,williamw671@rewardsportal.org,williamw671,Gold
M2778,johnsali480@rewardsportal.org,johnsali480,Bronze
M2916,matthewm854@rewardsportal.org,matthewm854,Silver
M2169,francisr434@rewardsportal.org,francisr434,Bronze
M3038,todddunc431@rewardsportal.org,todddunc431,Silver
M2982,aliciana243@rewardsportal.org,aliciana243,Silver
M2266,rebeccab491@rewardsportal.org,rebeccab491,Bronze
M2655,frederic768@rewardsportal.org,frederic768,Bronze
M2732,haleytra400@rewardsportal.org,haleytra400,Bronze
M2139,ericpatr577@rewardsportal.org,ericpatr577,Bronze
M3133,jamiemcl157@rewardsportal.org,jamiemcl157,Silver
M2762,teresayo824@rewardsportal.org,teresayo824,Bronze
M2272,michaelh895@rewardsportal.org,michaelh895,Gold
M2212,stephani196@rewardsportal.org,stephani196,Bronze
M2104,gloriago104@rewardsportal.org,gloriago104,Bronze
M2840,harryber728@rewardsportal.org,harryber728,Silver
M2436,drrobert357@rewardsportal.org,drrobert357,Bronze
M3172,joannaly256@rewardsportal.org,joannaly256,Gold
M2084,michaelm92@rewardsportal.org,michaelm92,Bronze
M3071,josephsa324@rewardsportal.org,josephsa324,Silver
M2290,amberbut685@rewardsportal.org,amberbut685,Gold
M2189,jamesbai869@rewardsportal.org,jamesbai869,Silver
M2217,edwardcl717@rewardsportal.org,edwardcl717,Silver
M2051,nicoleha555@rewardsportal.org,nicoleha555,Bronze
M2409,caitlinj16@rewardsportal.org,caitlinj16,Gold
M2579,dylancon211@rewardsportal.org,dylancon211,Platinum
M2128,emilyali128@rewardsportal.org,emilyali128,Bronze
M2110,timothys388@rewardsportal.org,timothys388,Silver
M2688,marywats386@rewardsportal.org,marywats386,Bronze
M2138,alexande428@rewardsportal.org,alexande428,Bronze
M3032,drbrenda61@rewardsportal.org,drbrenda61,Platinum
M2560,angelasi465@rewardsportal.org,angelasi465,Gold
M2381,staceywa712@rewardsportal.org,staceywa712,Silver
M2423,theresar795@rewardsportal.org,theresar795,Gold
M2165,debbieew291@rewardsportal.org,debbieew291,Bronze
M2060,crystals656@rewardsportal.org,crystals656,Bronze
M2502,phillipm159@rewardsportal.org,phillipm159,Bronze
M2103,jasongut510@rewardsportal.org,jasongut510,Platinum
M2009,johnpier724@rewardsportal.org,johnpier724,Bronze
M2557,anthonys466@rewardsportal.org,anthonys466,Platinum
M2032,davidwoo380@rewardsportal.org,davidwoo380,Platinum
M2684,brianfer719@rewardsportal.org,brianfer719,Bronze
M3080,audreyhu917@rewardsportal.org,audreyhu917,Bronze
M2388,brandono574@rewardsportal.org,brandono574,Gold
M2678,anthonyc447@rewardsportal.org,anthonyc447,Bronze
M2556,alanharr130@rewardsportal.org,alanharr130,Gold
M2089,davidbre695@rewardsportal.org,davidbre695,Bronze
M2613,shelbyro296@rewardsportal.org,shelbyro296,Silver
M2563,matthewd738@rewardsportal.org,matthewd738,Platinum
M2204,mckenzie660@rewardsportal.org,mckenzie660,Silver
M3175,saramose519@rewardsportal.org,saramose519,Bronze
M2649,anthonyc848@rewardsportal.org,anthonyc848,Platinum
M3056,emilyroa866@rewardsportal.org,emilyroa866,Silver
M2091,chadjone478@rewardsportal.org,chadjone478,Platinum
M3108,davidsil241@rewardsportal.org,davidsil241,Silver
M2166,marknewm250@rewardsportal.org,marknewm250,Bronze
M2008,paulamor900@rewardsportal.org,paulamor900,Gold
M2100,ambertay770@rewardsportal.org,ambertay770,Bronze
M2034,jacksnow891@rewardsportal.org,jacksnow891,Bronze
M2487,calvinng998@rewardsportal.org,calvinng998,Platinum
M2116,colingol895@rewardsportal.org,colingol895,Platinum
M2716,darrelld481@rewardsportal.org,darrelld481,Bronze
M2153,lindsayl516@rewardsportal.org,lindsayl516,Bronze
M2837,jasmineb85@rewardsportal.org,jasmineb85,Platinum
M2164,jasonher293@rewardsportal.org,jasonher293,Silver
M2002,meredith238@rewardsportal.org,meredith238,Silver
M2023,marynguy286@rewardsportal.org,marynguy286,Silver
M2702,jongarza836@rewardsportal.org,jongarza836,Silver
M2890,stephani385@rewardsportal.org,stephani385,Gold
M3107,charlesh55@rewardsportal.org,charlesh55,Bronze
M2811,katherin577@rewardsportal.org,katherin577,Silver
M2782,jacobhal67@rewardsportal.org,jacobhal67,Bronze
M2889,annahill126@rewardsportal.org,annahill126,Gold
M2428,thomaspa53@rewardsportal.org,thomaspa53,Bronze
M2284,jocelynw259@rewardsportal.org,jocelynw259,Silver
M3177,jasonell735@rewardsportal.org,jasonell735,Gold
M2758,kariedwa863@rewardsportal.org,kariedwa863,Silver
M2459,austinbr186@rewardsportal.org,austinbr186,Bronze
M2862,nicholas914@rewardsportal.org,nicholas914,Bronze
M2206,aliciapo286@rewardsportal.org,aliciapo286,Gold
M2081,kellimar763@rewardsportal.org,kellimar763,Bronze
M2336,davidhan189@rewardsportal.org,davidhan189,Bronze
M2147,michaelp537@rewardsportal.org,michaelp537,Silver
M2851,phillipl155@rewardsportal.org,phillipl155,Bronze
M2673,darlener838@rewardsportal.org,darlener838,Bronze
M2227,jonathan788@rewardsportal.org,jonathan788,Silver
M2362,marktayl377@rewardsportal.org,marktayl377,Bronze
M2978,ryanhuds600@rewardsportal.org,ryanhuds600,Bronze
M2209,joannaba860@rewardsportal.org,joannaba860,Bronze
M2832,briancro975@rewardsportal.org,briancro975,Bronze
M2202,grantwil528@rewardsportal.org,grantwil528,Bronze
M2508,brittany305@rewardsportal.org,brittany305,Bronze
M2576,ronaldsa178@rewardsportal.org,ronaldsa178,Bronze
M3183,robertbu274@rewardsportal.org,robertbu274,Gold
M3087,nancygre240@rewardsportal.org,nancygre240,Silver
M2493,brianfro577@rewardsportal.org,brianfro577,Silver
M2654,michaell722@rewardsportal.org,michaell722,Bronze
M2079,brittany687@rewardsportal.org,brittany687,Silver
M2216,kennethh426@rewardsportal.org,kennethh426,Silver
M2044,brianmar529@rewardsportal.org,brianmar529,Bronze
M2461,jamesphi382@rewardsportal.org,jamesphi382,Platinum
M2911,cherylbr294@rewardsportal.org,cherylbr294,Platinum
M2922,ashleysa461@rewardsportal.org,ashleysa461,Bronze
M2815,ashleemi711@rewardsportal.org,ashleemi711,Bronze
M3197,annaherr472@rewardsportal.org,annaherr472,Bronze
M2026,shannonm333@rewardsportal.org,shannonm333,Bronze
M2085,matthewg701@rewardsportal.org,matthewg701,Bronze
M3004,melissam953@rewardsportal.org,melissam953,Gold
M3081,jamiedom224@rewardsportal.org,jamiedom224,Silver
M2468,isabelbr327@rewardsportal.org,isabelbr327,Silver
M3003,jameshal155@rewardsportal.org,jameshal155,Bronze
M3121,peterjon652@rewardsportal.org,peterjon652,Gold
M2947,jessicab301@rewardsportal.org,jessicab301,Bronze
M3127,thomasay161@rewardsportal.org,thomasay161,Silver
M2258,jasonflo458@rewardsportal.org,jasonflo458,Silver
M2301,emilyrot749@rewardsportal.org,emilyrot749,Bronze
M3104,julierya492@rewardsportal.org,julierya492,Gold
M3090,kurtwill919@rewardsportal.org,kurtwill919,Bronze
M2031,joshuaco608@rewardsportal.org,joshuaco608,Gold
M2358,henrygra511@rewardsportal.org,henrygra511,Bronze
M3094,juliemoo170@rewardsportal.org,juliemoo170,Bronze
M2617,robertco522@rewardsportal.org,robertco522,Bronze
M2900,christop70@rewardsportal.org,christop70,Bronze
M2059,tiffanyh612@rewardsportal.org,tiffanyh612,Bronze
M2308,benjamin242@rewardsportal.org,benjamin242,Bronze
M2985,jefferya963@rewardsportal.org,jefferya963,Silver
M2327,peterjac942@rewardsportal.org,peterjac942,Silver
M2667,jeremiah816@rewardsportal.org,jeremiah816,Bronze
M3045,lisahans336@rewardsportal.org,lisahans336,Bronze
M2550,nicholas43@rewardsportal.org,nicholas43,Bronze
M2729,stevenbr580@rewardsportal.org,stevenbr580,Gold
M2427,allisonb694@rewardsportal.org,allisonb694,Bronze
M2485,anthonyb635@rewardsportal.org,anthonyb635,Gold
M2383,whitneyc77@rewardsportal.org,whitneyc77,Bronze
M2886,tarajone240@rewardsportal.org,tarajone240,Bronze
M2628,markware495@rewardsportal.org,markware495,Platinum
M2868,brandons550@rewardsportal.org,brandons550,Bronze
M2608,anneevan877@rewardsportal.org,anneevan877,Bronze
M2524,charlesr860@rewardsportal.org,charlesr860,Silver
M2396,robertje989@rewardsportal.org,robertje989,Silver
M3059,tamimoor10@rewardsportal.org,tamimoor10,Platinum
M2923,jamesgar217@rewardsportal.org,jamesgar217,Platinum
M2694,kaylarog730@rewardsportal.org,kaylarog730,Bronze
M2146,reneehud763@rewardsportal.org,reneehud763,Silver
M2215,mrstonya980@rewardsportal.org,mrstonya980,Bronze
M3021,leahwils415@rewardsportal.org,leahwils415,Bronze
M2530,candaces494@rewardsportal.org,candaces494,Bronze
M3171,michaeld315@rewardsportal.org,michaeld315,Bronze
M3096,derrickh957@rewardsportal.org,derrickh957,Silver
M2853,ashleyne497@rewardsportal.org,ashleyne497,Bronze
M2399,jamespal62@rewardsportal.org,jamespal62,Silver
M2518,thomasgi54@rewardsportal.org,thomasgi54,Bronze
M2342,kellyrog890@rewardsportal.org,kellyrog890,Silver
M3073,teresast981@rewardsportal.org,teresast981,Bronze
M2921,annagonz26@rewardsportal.org,annagonz26,Platinum
M2254,margaret71@rewardsportal.org,margaret71,Gold
M2349,ronaldda345@rewardsportal.org,ronaldda345,Bronze
M2293,gregorys900@rewardsportal.org,gregorys900,Platinum
M2125,josephhi346@rewardsportal.org,josephhi346,Gold
M2054,michelle961@rewardsportal.org,michelle961,Gold
M2740,alejandr558@rewardsportal.org,alejandr558,Gold
M2226,stephani766@rewardsportal.org,stephani766,Bronze
M2551,michaelc981@rewardsportal.org,michaelc981,Bronze
M2599,amandalo894@rewardsportal.org,amandalo894,Bronze
M2999,alicialo869@rewardsportal.org,alicialo869,Gold
M2412,theresad230@rewardsportal.org,theresad230,Bronze
M2152,nathanfu599@rewardsportal.org,nathanfu599,Silver
M2927,phillipa63@rewardsportal.org,phillipa63,Silver
M2874,christyc392@rewardsportal.org,christyc392,Bronze
M2633,thomasmo980@rewardsportal.org,thomasmo980,Bronze
M2856,gailjohn673@rewardsportal.org,gailjohn673,Silver
M3169,charlene354@rewardsportal.org,charlene354,Silver
M2017,brittney885@rewardsportal.org,brittney885,Gold
M2497,tracicra846@rewardsportal.org,tracicra846,Gold
M2192,kristing795@rewardsportal.org,kristing795,Bronze
M2972,davidsma728@rewardsportal.org,davidsma728,Bronze
M2053,drashley903@rewardsportal.org,drashley903,Bronze
M2365,johnnyar61@rewardsportal.org,johnnyar61,Bronze
M3116,peterlow932@rewardsportal.org,peterlow932,Gold
M2274,gregoryf202@rewardsportal.org,gregoryf202,Bronze
M3141,brittany629@rewardsportal.org,brittany629,Bronze
M2431,jennifer127@rewardsportal.org,jennifer127,Bronze
M2126,davidter295@rewardsportal.org,davidter295,Silver
M2658,katherin493@rewardsportal.org,katherin493,Silver
M2573,walterga808@rewardsportal.org,walterga808,Silver
M2990,williamv238@rewardsportal.org,williamv238,Platinum
M2707,karlarog194@rewardsportal.org,karlarog194,Gold
M2611,tamarawi209@rewardsportal.org,tamarawi209,Silver
M2657,paulhaye63@rewardsportal.org,paulhaye63,Bronze
M2353,sandrapo128@rewardsportal.org,sandrapo128,Bronze
M2591,crystalb84@rewardsportal.org,crystalb84,Bronze
M3025,brianbar822@rewardsportal.org,brianbar822,Bronze
M2443,jameswhi653@rewardsportal.org,jameswhi653,Silver
M3012,stephenj288@rewardsportal.org,stephenj288,Bronze
M2028,davidben227@rewardsportal.org,davidben227,Silver
M2802,kristenw609@rewardsportal.org,kristenw609,Bronze
M2951,melissah987@rewardsportal.org,melissah987,Silver
M2747,craigtra500@rewardsportal.org,craigtra500,Silver
M2720,tammycoc113@rewardsportal.org,tammycoc113,Bronze
M2614,dennisja141@rewardsportal.org,dennisja141,Bronze
M3014,angelahu178@rewardsportal.org,angelahu178,Silver
M2780,michaelp679@rewardsportal.org,michaelp679,Gold
M2317,josephje663@rewardsportal.org,josephje663,Silver
M2652,josephma272@rewardsportal.org,josephma272,Silver
M3064,jeremyst392@rewardsportal.org,jeremyst392,Platinum
M2653,williamm857@rewardsportal.org,williamm857,Bronze
M3074,shaunhen998@rewardsportal.org,shaunhen998,Bronze
M2018,jeremyth294@rewardsportal.org,jeremyth294,Silver
M2229,mrsmiche193@rewardsportal.org,mrsmiche193,Bronze
M2948,jameshor906@rewardsportal.org,jameshor906,Bronze
M2395,blakehen841@rewardsportal.org,blakehen841,Silver
M2179,jeremyba951@rewardsportal.org,jeremyba951,Platinum
M2036,jasonpet404@rewardsportal.org,jasonpet404,Silver
M2325,katherin684@rewardsportal.org,katherin684,Bronze
M2305,robertcl399@rewardsportal.org,robertcl399,Silver
M3124,jamesben343@rewardsportal.org,jamesben343,Silver
M2888,jonberry517@rewardsportal.org,jonberry517,Silver
M2483,jeannero748@rewardsportal.org,jeannero748,Bronze
M2491,bradleyk214@rewardsportal.org,bradleyk214,Bronze
M2806,elizabet334@rewardsportal.org,elizabet334,Bronze
M2989,antonioa524@rewardsportal.org,antonioa524,Platinum
M3098,andrewwe412@rewardsportal.org,andrewwe412,Silver
M2498,danielle434@rewardsportal.org,danielle434,Bronze
M3164,michelle268@rewardsportal.org,michelle268,Silver
M3181,sarahsmi870@rewardsportal.org,sarahsmi870,Gold
M2670,amyknigh301@rewardsportal.org,amyknigh301,Platinum
M3082,alexawal272@rewardsportal.org,alexawal272,Silver
M2615,victorpr357@rewardsportal.org,victorpr357,Platinum
M3186,benjamin772@rewardsportal.org,benjamin772,Bronze
M3144,allencum820@rewardsportal.org,allencum820,Bronze
M2131,derricka128@rewardsportal.org,derricka128,Gold
M2185,thomasru441@rewardsportal.org,thomasru441,Gold
M3099,jennifer167@rewardsportal.org,jennifer167,Bronze
M2690,julieper392@rewardsportal.org,julieper392,Silver
M3147,sarahpad906@rewardsportal.org,sarahpad906,Gold
M2499,eringome251@rewardsportal.org,eringome251,Platinum
M2903,andrewro931@rewardsportal.org,andrewro931,Gold
M2984,austinha382@rewardsportal.org,austinha382,Platinum
M2476,rebeccab507@rewardsportal.org,rebeccab507,Bronze
M2283,tiffanyw289@rewardsportal.org,tiffanyw289,Gold
M2161,kimberly923@rewardsportal.org,kimberly923,Bronze
M2392,stephena393@rewardsportal.org,stephena393,Silver
M2525,melaniel500@rewardsportal.org,melaniel500,Bronze
M2789,brandonb683@rewardsportal.org,brandonb683,Bronze
M2526,rodneyda74@rewardsportal.org,rodneyda74,Gold
M2970,victoria326@rewardsportal.org,victoria326,Silver
M2656,scottpor695@rewardsportal.org,scottpor695,Bronze
M2650,michelle159@rewardsportal.org,michelle159,Bronze
M2022,aprilfro756@rewardsportal.org,aprilfro756,Bronze
M2130,henrypug756@rewardsportal.org,henrypug756,Bronze
M2273,jamesham683@rewardsportal.org,jamesham683,Silver
M2546,misspaul705@rewardsportal.org,misspaul705,Platinum
M2603,shirleyc519@rewardsportal.org,shirleyc519,Bronze
M2181,rhondama37@rewardsportal.org,rhondama37,Silver
M2699,victorhi930@rewardsportal.org,victorhi930,Bronze
M2748,michelej219@rewardsportal.org,michelej219,Platinum
M2057,conniebr472@rewardsportal.org,conniebr472,Bronze
M2359,johnnycr43@rewardsportal.org,johnnycr43,Bronze
M2306,suzannem509@rewardsportal.org,suzannem509,Bronze
M2071,alexnguy295@rewardsportal.org,alexnguy295,Bronze
M2871,gracejoh699@rewardsportal.org,gracejoh699,Gold
M2344,vanessah414@rewardsportal.org,vanessah414,Bronze
M2188,mariabyr51@rewardsportal.org,mariabyr51,Platinum
M2082,bradwalk68@rewardsportal.org,bradwalk68,Silver
M2186,shaungon29@rewardsportal.org,shaungon29,Silver
M2149,markcope835@rewardsportal.org,markcope835,Bronze
M2073,justinri563@rewardsportal.org,justinri563,Platinum
M2501,dustinan869@rewardsportal.org,dustinan869,Silver
M2700,jeffreys474@rewardsportal.org,jeffreys474,Silver
M2050,matthewm759@rewardsportal.org,matthewm759,Gold
M2326,kurtgilb895@rewardsportal.org,kurtgilb895,Gold
M2651,michaelw90@rewardsportal.org,michaelw90,Platinum
M2771,tinawalt574@rewardsportal.org,tinawalt574,Bronze
M3007,williamf146@rewardsportal.org,williamf146,Gold
M2739,juanharr954@rewardsportal.org,juanharr954,Gold
M2882,drdarlen527@rewardsportal.org,drdarlen527,Silver
M2405,adrianad646@rewardsportal.org,adrianad646,Silver
M2646,gabrielc501@rewardsportal.org,gabrielc501,Silver
M2074,jessebro879@rewardsportal.org,jessebro879,Bronze
M2410,williamt683@rewardsportal.org,williamt683,Bronze
M2312,dorothym377@rewardsportal.org,dorothym377,Bronze
M2449,davidkel529@rewardsportal.org,davidkel529,Bronze
M2251,evancart613@rewardsportal.org,evancart613,Gold
M2346,courtney278@rewardsportal.org,courtney278,Bronze
M2570,miaflowe429@rewardsportal.org,miaflowe429,Bronze
M2318,larryben19@rewardsportal.org,larryben19,Platinum
M2135,rebeccao81@rewardsportal.org,rebeccao81,Platinum
M2035,johnbish821@rewardsportal.org,johnbish821,Bronze
M2503,kylesmit493@rewardsportal.org,kylesmit493,Gold
M2168,curtiswi720@rewardsportal.org,curtiswi720,Silver
M2675,ericlync24@rewardsportal.org,ericlync24,Bronze
M2726,randalla622@rewardsportal.org,randalla622,Gold
M2416,beckyhan700@rewardsportal.org,beckyhan700,Bronze
M2335,danielle941@rewardsportal.org,danielle941,Bronze
M2952,briannan256@rewardsportal.org,briannan256,Silver
M3103,jessicah494@rewardsportal.org,jessicah494,Bronze
M2945,paullane263@rewardsportal.org,paullane263,Silver
M2242,tonyaell890@rewardsportal.org,tonyaell890,Platinum
M2267,pamelara696@rewardsportal.org,pamelara696,Gold
M2963,justinpo327@rewardsportal.org,justinpo327,Silver
M2108,amandahu124@rewardsportal.org,amandahu124,Platinum
M3109,melissam780@rewardsportal.org,melissam780,Silver
M3046,jennifer807@rewardsportal.org,jennifer807,Bronze
M3137,morganev355@rewardsportal.org,morganev355,Bronze
M3016,josepalm222@rewardsportal.org,josepalm222,Bronze
M2113,katherin708@rewardsportal.org,katherin708,Silver
M2935,jessicah115@rewardsportal.org,jessicah115,Bronze
M2644,ellencan240@rewardsportal.org,ellencan240,Gold
M2562,johnschm565@rewardsportal.org,johnschm565,Gold
M2714,patricia484@rewardsportal.org,patricia484,Silver
M3054,robertly38@rewardsportal.org,robertly38,Silver
M2859,anthonys991@rewardsportal.org,anthonys991,Bronze
M2520,ashleysi79@rewardsportal.org,ashleysi79,Bronze
M3131,ashleyfr402@rewardsportal.org,ashleyfr402,Silver
M2275,anthonyr520@rewardsportal.org,anthonyr520,Bronze
M2201,anthonyl555@rewardsportal.org,anthonyl555,Silver
M2941,maryhopk951@rewardsportal.org,maryhopk951,Silver
M2122,angelshi237@rewardsportal.org,angelshi237,Gold
M3022,eugenepa276@rewardsportal.org,eugenepa276,Bronze
M2190,shannong139@rewardsportal.org,shannong139,Silver
M2879,michaelb201@rewardsportal.org,michaelb201,Gold
M2584,markhawk872@rewardsportal.org,markhawk872,Bronze
M2733,briannas428@rewardsportal.org,briannas428,Bronze
M2794,davidrob349@rewardsportal.org,davidrob349,Gold
M2863,jamesgre408@rewardsportal.org,jamesgre408,Silver
M2843,keithdye670@rewardsportal.org,keithdye670,Silver
M2821,stephena16@rewardsportal.org,stephena16,Bronze
M2870,susanran370@rewardsportal.org,susanran370,Silver
M2040,jamieker124@rewardsportal.org,jamieker124,Bronze
M2631,sophiawi654@rewardsportal.org,sophiawi654,Silver
M2341,shaunmey996@rewardsportal.org,shaunmey996,Bronze
M2833,brandont308@rewardsportal.org,brandont308,Bronze
M2966,joshuaga707@rewardsportal.org,joshuaga707,Bronze
M2492,victorwr63@rewardsportal.org,victorwr63,Silver
M3035,michelle229@rewardsportal.org,michelle229,Bronze
M2768,karencar527@rewardsportal.org,karencar527,Bronze
M2429,mariojoh892@rewardsportal.org,mariojoh892,Silver
M2425,patrickc450@rewardsportal.org,patrickc450,Bronze
M2804,robertby85@rewardsportal.org,robertby85,Bronze
M2976,ashleeme799@rewardsportal.org,ashleeme799,Bronze
M3049,leviknig282@rewardsportal.org,leviknig282,Gold
M2481,brittany167@rewardsportal.org,brittany167,Bronze
M2123,mariahen368@rewardsportal.org,mariahen368,Gold
M2589,karenand989@rewardsportal.org,karenand989,Silver
M2532,christop58@rewardsportal.org,christop58,Bronze
M2775,melindaf546@rewardsportal.org,melindaf546,Bronze
M2159,shannont553@rewardsportal.org,shannont553,Silver
M2142,lesliepo863@rewardsportal.org,lesliepo863,Bronze
M2622,willielu872@rewardsportal.org,willielu872,Silver
M2239,richardd131@rewardsportal.org,richardd131,Gold
M2845,scottkel274@rewardsportal.org,scottkel274,Silver
M2693,veronica904@rewardsportal.org,veronica904,Silver
M2807,theodore975@rewardsportal.org,theodore975,Bronze
M2564,colleenb188@rewardsportal.org,colleenb188,Silver
M2093,angelaco112@rewardsportal.org,angelaco112,Silver
M2668,mariamat995@rewardsportal.org,mariamat995,Gold
M2441,kathleen272@rewardsportal.org,kathleen272,Bronze
M2259,sandrama762@rewardsportal.org,sandrama762,Silver
M2831,angelaca573@rewardsportal.org,angelaca573,Platinum
M2463,coreywal818@rewardsportal.org,coreywal818,Silver
M2136,rachelwa331@rewardsportal.org,rachelwa331,Gold
M2345,monicani475@rewardsportal.org,monicani475,Silver
M2456,christop497@rewardsportal.org,christop497,Bronze
M2535,jessegar357@rewardsportal.org,jessegar357,Silver
M2828,kimberly395@rewardsportal.org,kimberly395,Gold
M2291,anaruiz561@rewardsportal.org,anaruiz561,Bronze
M2537,paulmart754@rewardsportal.org,paulmart754,Bronze
M2380,melissas72@rewardsportal.org,melissas72,Gold
M2348,ericmcne492@rewardsportal.org,ericmcne492,Silver
M2464,christop347@rewardsportal.org,christop347,Silver
M2455,robertsk595@rewardsportal.org,robertsk595,Bronze
M2094,elizabet281@rewardsportal.org,elizabet281,Platinum
M2360,jennifer465@rewardsportal.org,jennifer465,Gold
M2424,kimberly345@rewardsportal.org,kimberly345,Bronze
M2407,amywelch720@rewardsportal.org,amywelch720,Bronze
M2158,scottjac477@rewardsportal.org,scottjac477,Gold
M2919,katiecar361@rewardsportal.org,katiecar361,Gold
M2391,samuelma330@rewardsportal.org,samuelma330,Bronze
M2719,tamarapa968@rewardsportal.org,tamarapa968,Bronze
M2609,dustinwi754@rewardsportal.org,dustinwi754,Gold
M2150,mariobar260@rewardsportal.org,mariobar260,Silver
M2453,brianmir604@rewardsportal.org,brianmir604,Platinum
M2585,lauralin93@rewardsportal.org,lauralin93,Platinum
M2496,jessicar160@rewardsportal.org,jessicar160,Bronze
M3199,jeffwall814@rewardsportal.org,jeffwall814,Bronze
M2484,paulmoss702@rewardsportal.org,paulmoss702,Bronze
M3184,laurenli944@rewardsportal.org,laurenli944,Platinum
M2352,samantha978@rewardsportal.org,samantha978,Bronze
M2696,pennyhar217@rewardsportal.org,pennyhar217,Silver
M2447,paulfarm79@rewardsportal.org,paulfarm79,Bronze
M2932,robinsan361@rewardsportal.org,robinsan361,Platinum
M2846,zacharyj581@rewardsportal.org,zacharyj581,Silver
M3160,pamelaar672@rewardsportal.org,pamelaar672,Silver
M2020,andrewru283@rewardsportal.org,andrewru283,Platinum
M2541,carlagra180@rewardsportal.org,carlagra180,Bronze
M2047,thomasro341@rewardsportal.org,thomasro341,Bronze
M2672,craigdan881@rewardsportal.org,craigdan881,Silver
M2850,chadwils435@rewardsportal.org,chadwils435,Bronze
M2717,tinalope969@rewardsportal.org,tinalope969,Gold
M2939,terrymos634@rewardsportal.org,terrymos634,Bronze
M2812,alexwebb342@rewardsportal.org,alexwebb342,Bronze
M3188,kennethm881@rewardsportal.org,kennethm881,Silver
M2955,ernestje440@rewardsportal.org,ernestje440,Silver
M2310,johnvaug464@rewardsportal.org,johnvaug464,Silver
M2988,andrewbe287@rewardsportal.org,andrewbe287,Silver
M3013,jamesmar149@rewardsportal.org,jamesmar149,Bronze
M2899,debrawhi152@rewardsportal.org,debrawhi152,Gold
M2558,garysala720@rewardsportal.org,garysala720,Bronze
M2119,darinmat831@rewardsportal.org,darinmat831,Gold
M2552,markbrow88@rewardsportal.org,markbrow88,Bronze
M2174,stephend883@rewardsportal.org,stephend883,Silver
M2269,williaml977@rewardsportal.org,williaml977,Gold
M2857,connorbe962@rewardsportal.org,connorbe962,Bronze
M2565,christop215@rewardsportal.org,christop215,Bronze
M2148,judybeck105@rewardsportal.org,judybeck105,Silver
M2522,johnande784@rewardsportal.org,johnande784,Bronze
M2711,michaelm679@rewardsportal.org,michaelm679,Bronze
M2841,christin121@rewardsportal.org,christin121,Silver
M2222,kristenm348@rewardsportal.org,kristenm348,Silver
M2338,angelagi860@rewardsportal.org,angelagi860,Bronze
M2632,jacobowe161@rewardsportal.org,jacobowe161,Bronze
M2328,lindacam935@rewardsportal.org,lindacam935,Gold
M2734,juliemor782@rewardsportal.org,juliemor782,Silver
M2819,garyflor748@rewardsportal.org,garyflor748,Silver
M2926,sarajone390@rewardsportal.org,sarajone390,Platinum
M2157,michaelm580@rewardsportal.org,michaelm580,Platinum
M2375,davidlaw126@rewardsportal.org,davidlaw126,Bronze
M2540,ericfuen323@rewardsportal.org,ericfuen323,Silver
M3196,russellh191@rewardsportal.org,russellh191,Silver
M3093,donnacha975@rewardsportal.org,donnacha975,Bronze
M2289,joshuaha753@rewardsportal.org,joshuaha753,Gold
M3126,carolynd810@rewardsportal.org,carolynd810,Bronze
M2606,stevenvi516@rewardsportal.org,stevenvi516,Gold
M2736,jasmines946@rewardsportal.org,jasmines946,Silver
M2129,melissam49@rewardsportal.org,melissam49,Silver
M3146,ellenbru910@rewardsportal.org,ellenbru910,Bronze
M2045,isaiahav790@rewardsportal.org,isaiahav790,Silver
M2712,kathleen412@rewardsportal.org,kathleen412,Bronze
M2867,phillipk126@rewardsportal.org,phillipk126,Silver
M2642,hunterma719@rewardsportal.org,hunterma719,Silver
M2515,jamiesmi97@rewardsportal.org,jamiesmi97,Platinum
M2703,michaelm270@rewardsportal.org,michaelm270,Silver
M2878,keithphi578@rewardsportal.org,keithphi578,Silver
M2827,andreato512@rewardsportal.org,andreato512,Gold
M2858,laurawoo575@rewardsportal.org,laurawoo575,Bronze
M2402,katherin368@rewardsportal.org,katherin368,Bronze
M2687,ryanturn130@rewardsportal.org,ryanturn130,Platinum
M3118,ninacomb469@rewardsportal.org,ninacomb469,Platinum
M2403,drrichar295@rewardsportal.org,drrichar295,Bronze
M2460,maryjone459@rewardsportal.org,maryjone459,Silver
M2979,veronica533@rewardsportal.org,veronica533,Bronze
M2187,kirkthom239@rewardsportal.org,kirkthom239,Bronze
M2194,katherin848@rewardsportal.org,katherin848,Platinum
M2072,cheyenne463@rewardsportal.org,cheyenne463,Bronze
M3135,danielro717@rewardsportal.org,danielro717,Bronze
M3086,joshuane500@rewardsportal.org,joshuane500,Silver
M2616,patricia157@rewardsportal.org,patricia157,Silver
M2783,jonathon94@rewardsportal.org,jonathon94,Gold
M2090,mattheww415@rewardsportal.org,mattheww415,Silver
M2469,tiffanys142@rewardsportal.org,tiffanys142,Silver
M2630,ericahua62@rewardsportal.org,ericahua62,Silver
M2624,debracla586@rewardsportal.org,debracla586,Silver
M2442,bradleyw788@rewardsportal.org,bradleyw788,Bronze
M2433,robertbr951@rewardsportal.org,robertbr951,Bronze
M2504,kathrynw732@rewardsportal.org,kathrynw732,Bronze
M3119,heatherh226@rewardsportal.org,heatherh226,Bronze
M2953,laurenho550@rewardsportal.org,laurenho550,Platinum
M2864,shanesho295@rewardsportal.org,shanesho295,Gold
M2457,daviddav471@rewardsportal.org,daviddav471,Gold
M2885,jonramos824@rewardsportal.org,jonramos824,Bronze
M2271,elizabet341@rewardsportal.org,elizabet341,Platinum
M2415,kathymur169@rewardsportal.org,kathymur169,Gold
M2121,melissap120@rewardsportal.org,melissap120,Gold
M2376,alishara806@rewardsportal.org,alishara806,Silver
M2544,williaml980@rewardsportal.org,williaml980,Bronze
M2676,ericacos591@rewardsportal.org,ericacos591,Gold
M3063,isaacrob123@rewardsportal.org,isaacrob123,Gold
M2814,davidkoc936@rewardsportal.org,davidkoc936,Silver
M2302,jennalyo168@rewardsportal.org,jennalyo168,Silver
M2151,virginia84@rewardsportal.org,virginia84,Bronze
M2533,josewebe828@rewardsportal.org,josewebe828,Bronze
M2426,kathleen730@rewardsportal.org,kathleen730,Silver
M2323,lydiahow252@rewardsportal.org,lydiahow252,Silver
M2141,rebeccah640@rewardsportal.org,rebeccah640,Bronze
M2296,nicoleth732@rewardsportal.org,nicoleth732,Bronze
M2400,jeffreym116@rewardsportal.org,jeffreym116,Silver
M2088,heatherw545@rewardsportal.org,heatherw545,Platinum
M3034,justinto401@rewardsportal.org,justinto401,Bronze
M2114,arthurmc808@rewardsportal.org,arthurmc808,Gold
M2981,carlosmo115@rewardsportal.org,carlosmo115,Silver
M2055,carlosry215@rewardsportal.org,carlosry215,Bronze
M2386,josephth629@rewardsportal.org,josephth629,Bronze
M2219,patricia424@rewardsportal.org,patricia424,Bronze
M2303,rebeccan356@rewardsportal.org,rebeccan356,Silver
M2334,lindseyc603@rewardsportal.org,lindseyc603,Silver
M2512,alexandr598@rewardsportal.org,alexandr598,Silver
M2109,nicholas935@rewardsportal.org,nicholas935,Silver
M2933,evelynno720@rewardsportal.org,evelynno720,Silver
M3009,williamf997@rewardsportal.org,williamf997,Bronze
M2087,jonathan93@rewardsportal.org,jonathan93,Silver
M3085,kaylafos369@rewardsportal.org,kaylafos369,Bronze
M2371,charlesh122@rewardsportal.org,charlesh122,Gold
M2798,davidrob638@rewardsportal.org,davidrob638,Bronze
M2587,hunterbr595@rewardsportal.org,hunterbr595,Silver
M2597,matthewp135@rewardsportal.org,matthewp135,Bronze
M2279,tiffanyp172@rewardsportal.org,tiffanyp172,Silver
M2218,theresac468@rewardsportal.org,theresac468,Bronze
M2401,megannav682@rewardsportal.org,megannav682,Bronze
M2993,amypark477@rewardsportal.org,amypark477,Bronze
M3113,bradleya998@rewardsportal.org,bradleya998,Silver
M2220,lauraper605@rewardsportal.org,lauraper605,Silver
M3159,juliecor30@rewardsportal.org,juliecor30,Bronze
M2177,julianfr408@rewardsportal.org,julianfr408,Silver
M2080,cheyenne313@rewardsportal.org,cheyenne313,Platinum
M2236,dawnwyat420@rewardsportal.org,dawnwyat420,Bronze
M3140,joshuaad802@rewardsportal.org,joshuaad802,Bronze
M2669,leedanie315@rewardsportal.org,leedanie315,Silver
M2397,shannonr135@rewardsportal.org,shannonr135,Bronze
M3142,christop226@rewardsportal.org,christop226,Silver
M2907,katrinab263@rewardsportal.org,katrinab263,Bronze
M3092,deannapa924@rewardsportal.org,deannapa924,Silver
M2881,derekbow149@rewardsportal.org,derekbow149,Gold
M2855,samuelha839@rewardsportal.org,samuelha839,Bronze
M2987,johnwils264@rewardsportal.org,johnwils264,Platinum
M2058,mollymcc356@rewardsportal.org,mollymcc356,Silver
M2001,allisonh124@rewardsportal.org,allisonh124,Silver
M2629,dennisga804@rewardsportal.org,dennisga804,Silver
M2263,denisegu51@rewardsportal.org,denisegu51,Silver
M2787,travishi287@rewardsportal.org,travishi287,Platinum
M2842,danielco180@rewardsportal.org,danielco180,Silver
M3101,lorijord624@rewardsportal.org,lorijord624,Bronze
M2435,erinlane90@rewardsportal.org,erinlane90,Gold
M2421,brendafe325@rewardsportal.org,brendafe325,Bronze
M2367,amandaba793@rewardsportal.org,amandaba793,Bronze
M2430,loririle424@rewardsportal.org,loririle424,Silver
M3176,ronaldbr424@rewardsportal.org,ronaldbr424,Silver
M2973,jamesdav545@rewardsportal.org,jamesdav545,Gold
M2873,jessicab130@rewardsportal.org,jessicab130,Bronze
M3089,susanval277@rewardsportal.org,susanval277,Bronze
M2095,kristybr910@rewardsportal.org,kristybr910,Bronze
M2012,connorwe280@rewardsportal.org,connorwe280,Silver
M2083,dwaynetu951@rewardsportal.org,dwaynetu951,Bronze
M2105,kennethd55@rewardsportal.org,kennethd55,Bronze
M2494,camerons881@rewardsportal.org,camerons881,Bronze
M2912,johnharr475@rewardsportal.org,johnharr475,Bronze
M2356,christin439@rewardsportal.org,christin439,Silver
M2682,juliesan283@rewardsportal.org,juliesan283,Bronze
M3165,robertri543@rewardsportal.org,robertri543,Bronze
M2193,seansilv996@rewardsportal.org,seansilv996,Silver
M2996,patricia801@rewardsportal.org,patricia801,Silver
M2252,arthurjo445@rewardsportal.org,arthurjo445,Silver
M2450,sharonan48@rewardsportal.org,sharonan48,Bronze
M3036,keithhul914@rewardsportal.org,keithhul914,Bronze
M2586,bethanyh600@rewardsportal.org,bethanyh600,Silver
M2244,davidmon111@rewardsportal.org,davidmon111,Silver
M2213,antoniom274@rewardsportal.org,antoniom274,Bronze
M2944,sandrawh369@rewardsportal.org,sandrawh369,Bronze
M2307,sharonyo250@rewardsportal.org,sharonyo250,Silver
M2761,mariafos767@rewardsportal.org,mariafos767,Silver
M2140,jaredlop972@rewardsportal.org,jaredlop972,Silver
M2689,jakeskin499@rewardsportal.org,jakeskin499,Silver
M2910,brittany911@rewardsportal.org,brittany911,Bronze
M2041,jasonnor13@rewardsportal.org,jasonnor13,Gold
M2292,kennethh791@rewardsportal.org,kennethh791,Bronze
M2940,michaelr749@rewardsportal.org,michaelr749,Silver
M2785,johnmend926@rewardsportal.org,johnmend926,Platinum
M2665,laurenmo945@rewardsportal.org,laurenmo945,Bronze
M2776,stephani549@rewardsportal.org,stephani549,Gold
M3174,saragree707@rewardsportal.org,saragree707,Silver
M2887,joshuami478@rewardsportal.org,joshuami478,Silver
M2686,emilylee524@rewardsportal.org,emilylee524,Gold
M2261,brittney891@rewardsportal.org,brittney891,Silver
M3136,troyjeff952@rewardsportal.org,troyjeff952,Gold
M2115,michaels645@rewardsportal.org,michaels645,Bronze
M2626,jeffreyp607@rewardsportal.org,jeffreyp607,Gold
M2905,jamesmor897@rewardsportal.org,jamesmor897,Bronze
M3061,amandate950@rewardsportal.org,amandate950,Bronze
M2578,timothye926@rewardsportal.org,timothye926,Gold
M3138,danagrif888@rewardsportal.org,danagrif888,Silver
M2727,staceycl319@rewardsportal.org,staceycl319,Platinum
M2664,kimberly766@rewardsportal.org,kimberly766,Gold
M3114,michaelp596@rewardsportal.org,michaelp596,Silver
M2406,jeffreyh36@rewardsportal.org,jeffreyh36,Platinum
M2507,biancane633@rewardsportal.org,biancane633,Bronze
M2300,louismor112@rewardsportal.org,louismor112,Platinum
M2280,erindani427@rewardsportal.org,erindani427,Bronze
M3028,nathanbu96@rewardsportal.org,nathanbu96,Silver
M2906,stevemcc265@rewardsportal.org,stevemcc265,Silver
M2016,danielba687@rewardsportal.org,danielba687,Gold
M2333,jimmylee50@rewardsportal.org,jimmylee50,Gold
M2704,allisonb84@rewardsportal.org,allisonb84,Bronze
M2743,faithjoh611@rewardsportal.org,faithjoh611,Silver
M2835,travisch658@rewardsportal.org,travisch658,Bronze
M2366,williamj815@rewardsportal.org,williamj815,Bronze
M2178,alexande424@rewardsportal.org,alexande424,Bronze
M2884,markjone510@rewardsportal.org,markjone510,Bronze
M2097,jerrytho836@rewardsportal.org,jerrytho836,Silver
M2946,duaneeng576@rewardsportal.org,duaneeng576,Silver
M2571,edwardch667@rewardsportal.org,edwardch667,Bronze
M2574,elizabet796@rewardsportal.org,elizabet796,Bronze
M2666,gracenor190@rewardsportal.org,gracenor190,Platinum
M2625,adammeye387@rewardsportal.org,adammeye387,Silver
M3157,juliedou887@rewardsportal.org,juliedou887,Silver
M2997,wandarog788@rewardsportal.org,wandarog788,Bronze
M2914,richardc660@rewardsportal.org,richardc660,Silver
M2314,cynthiaa194@rewardsportal.org,cynthiaa194,Bronze
M2543,debrahop639@rewardsportal.org,debrahop639,Bronze
M2511,amberwhi621@rewardsportal.org,amberwhi621,Bronze
M2767,sabrinaw79@rewardsportal.org,sabrinaw79,Bronze
M3155,paulwilk102@rewardsportal.org,paulwilk102,Bronze
M2340,sandraha774@rewardsportal.org,sandraha774,Gold
M2205,sheilajo190@rewardsportal.org,sheilajo190,Silver
M3170,michaelh277@rewardsportal.org,michaelh277,Silver
M2601,earlhern330@rewardsportal.org,earlhern330,Gold
M2808,lydiawat286@rewardsportal.org,lydiawat286,Bronze
M2834,philipfi824@rewardsportal.org,philipfi824,Silver
M3120,jennifer90@rewardsportal.org,jennifer90,Bronze
M2379,alexande543@rewardsportal.org,alexande543,Silver
M2803,danalync643@rewardsportal.org,danalync643,Gold
M2444,garyturn788@rewardsportal.org,garyturn788,Bronze
M3078,dariusly181@rewardsportal.org,dariusly181,Gold
M3132,drkathry494@rewardsportal.org,drkathry494,Bronze
M2056,mistywhi675@rewardsportal.org,mistywhi675,Bronze
M2968,michaelc69@rewardsportal.org,michaelc69,Bronze
M3110,rebeccas694@rewardsportal.org,rebeccas694,Gold
M3195,kellytho807@rewardsportal.org,kellytho807,Silver
M3066,robertmo149@rewardsportal.org,robertmo149,Silver
M2489,amandawh482@rewardsportal.org,amandawh482,Gold
M2958,racheldi278@rewardsportal.org,racheldi278,Bronze
M3192,johndani901@rewardsportal.org,johndani901,Bronze
M2432,leahrodr185@rewardsportal.org,leahrodr185,Silver
M2509,tylerbro254@rewardsportal.org,tylerbro254,Silver
M2764,petersan667@rewardsportal.org,petersan667,Silver
M3152,seansmit618@rewardsportal.org,seansmit618,Bronze
M2255,johnsmit776@rewardsportal.org,johnsmit776,Platinum
M3179,scottmoo663@rewardsportal.org,scottmoo663,Platinum
M2351,anthonyf674@rewardsportal.org,anthonyf674,Bronze
M2277,matthews458@rewardsportal.org,matthews458,Silver
M3166,gloriagr17@rewardsportal.org,gloriagr17,Platinum
M2320,ashleyfe611@rewardsportal.org,ashleyfe611,Silver
M2373,katelyns612@rewardsportal.org,katelyns612,Bronze
M3008,kimberly616@rewardsportal.org,kimberly616,Bronze
M2199,matthewb318@rewardsportal.org,matthewb318,Silver
M2995,tylervas485@rewardsportal.org,tylervas485,Silver
M2961,kyledavi728@rewardsportal.org,kyledavi728,Bronze
M2548,jasonpre45@rewardsportal.org,jasonpre45,Bronze
M2826,jennifer336@rewardsportal.org,jennifer336,Silver
M3145,nicholas528@rewardsportal.org,nicholas528,Bronze
M2420,fernando704@rewardsportal.org,fernando704,Silver
M2117,joshuawe191@rewardsportal.org,joshuawe191,Bronze
M2621,jessicap176@rewardsportal.org,jessicap176,Platinum
M2875,victorwi438@rewardsportal.org,victorwi438,Bronze
M2708,kimberly671@rewardsportal.org,kimberly671,Bronze
M2902,courtney309@rewardsportal.org,courtney309,Silver
M2553,jacobtho417@rewardsportal.org,jacobtho417,Silver
M2295,elizabet430@rewardsportal.org,elizabet430,Bronze
M3187,arielwat390@rewardsportal.org,arielwat390,Silver
M2674,christop479@rewardsportal.org,christop479,Bronze
M2465,sallyleo300@rewardsportal.org,sallyleo300,Silver
M3055,shawnhal587@rewardsportal.org,shawnhal587,Silver
M3053,valeriek765@rewardsportal.org,valeriek765,Bronze
M2078,danielme990@rewardsportal.org,danielme990,Platinum
M2754,jennifer56@rewardsportal.org,jennifer56,Gold
M2742,hollykin50@rewardsportal.org,hollykin50,Bronze
M2245,sierraan686@rewardsportal.org,sierraan686,Bronze
M2287,jamestat884@rewardsportal.org,jamestat884,Bronze
M2235,davidcan973@rewardsportal.org,davidcan973,Bronze
M2037,jessepar551@rewardsportal.org,jessepar551,Platinum
M2610,stevenmo56@rewardsportal.org,stevenmo56,Bronze
M2594,mariecha336@rewardsportal.org,mariecha336,Platinum
M3058,deannawa626@rewardsportal.org,deannawa626,Bronze
M2068,brittney671@rewardsportal.org,brittney671,Bronze
M2593,debrawol631@rewardsportal.org,debrawol631,Bronze
M2956,edwardbe791@rewardsportal.org,edwardbe791,Platinum
M2730,brianabr651@rewardsportal.org,brianabr651,Bronze
M2784,audreywi813@rewardsportal.org,audreywi813,Silver
M2500,thomassm239@rewardsportal.org,thomassm239,Bronze
M2721,phillipc698@rewardsportal.org,phillipc698,Gold
M3154,jeremycl867@rewardsportal.org,jeremycl867,Silver
M3111,loristep784@rewardsportal.org,loristep784,Bronze
M2635,scottram717@rewardsportal.org,scottram717,Bronze
M2086,emilycol262@rewardsportal.org,emilycol262,Silver
M2473,ashleebr105@rewardsportal.org,ashleebr105,Silver
M2636,rogermas636@rewardsportal.org,rogermas636,Gold
M2364,carlyjor667@rewardsportal.org,carlyjor667,Silver
M2555,donaldwi521@rewardsportal.org,donaldwi521,Bronze
M2865,chelseal601@rewardsportal.org,chelseal601,Gold
M2411,heatherg658@rewardsportal.org,heatherg658,Bronze
M2897,marymurr612@rewardsportal.org,marymurr612,Bronze
M2695,barbaram124@rewardsportal.org,barbaram124,Gold
M2917,kennetha858@rewardsportal.org,kennetha858,Bronze
M2659,heatherr15@rewardsportal.org,heatherr15,Platinum
M3167,jeremyjo584@rewardsportal.org,jeremyjo584,Silver
M3001,omarjohn754@rewardsportal.org,omarjohn754,Bronze
M3079,stevensn851@rewardsportal.org,stevensn851,Silver
M3191,joshuava400@rewardsportal.org,joshuava400,Bronze
M2304,michaels92@rewardsportal.org,michaels92,Gold
M2438,breannap532@rewardsportal.org,breannap532,Platinum
M2175,jasonjac569@rewardsportal.org,jasonjac569,Gold
M3019,jessicae627@rewardsportal.org,jessicae627,Bronze
M2795,annayang819@rewardsportal.org,annayang819,Silver
M2454,jameslee927@rewardsportal.org,jameslee927,Bronze
M3095,ryantayl204@rewardsportal.org,ryantayl204,Silver
M3026,analopez860@rewardsportal.org,analopez860,Bronze
M2070,sandradr559@rewardsportal.org,sandradr559,Bronze
M2679,jessicam695@rewardsportal.org,jessicam695,Bronze
M2937,kristine905@rewardsportal.org,kristine905,Silver
M2892,jaredcha445@rewardsportal.org,jaredcha445,Silver
M2741,meganran284@rewardsportal.org,meganran284,Silver
M2324,drrobert312@rewardsportal.org,drrobert312,Bronze
M2590,amycanno836@rewardsportal.org,amycanno836,Bronze
M3190,williamb493@rewardsportal.org,williamb493,Silver
M3031,kristinc104@rewardsportal.org,kristinc104,Bronze
M2434,jonathon259@rewardsportal.org,jonathon259,Silver
M2106,deniseho662@rewardsportal.org,deniseho662,Bronze
M2247,gracewhi471@rewardsportal.org,gracewhi471,Silver
M2697,nicolehe345@rewardsportal.org,nicolehe345,Bronze
M2155,antoniom916@rewardsportal.org,antoniom916,Gold
M2713,katherin864@rewardsportal.org,katherin864,Gold
M2521,tonydors653@rewardsportal.org,tonydors653,Gold
M2788,paulamej957@rewardsportal.org,paulamej957,Gold
M2439,emilyjor369@rewardsportal.org,emilyjor369,Platinum
M2786,heidiper226@rewardsportal.org,heidiper226,Gold
M2974,leahcoll275@rewardsportal.org,leahcoll275,Bronze
M3051,timothyp407@rewardsportal.org,timothyp407,Platinum
M2211,kimberly398@rewardsportal.org,kimberly398,Bronze
M2572,kathrynm539@rewardsportal.org,kathrynm539,Bronze
M2567,patricia488@rewardsportal.org,patricia488,Bronze
M2451,susansua88@rewardsportal.org,susansua88,Gold
M2477,roberttu168@rewardsportal.org,roberttu168,Bronze
M3105,kendramo103@rewardsportal.org,kendramo103,Silver
M2763,phillipm569@rewardsportal.org,phillipm569,Bronze
M3029,samuelva86@rewardsportal.org,samuelva86,Platinum
M3112,tyleraus870@rewardsportal.org,tyleraus870,Gold
M2311,alexandr57@rewardsportal.org,alexandr57,Gold
M2895,kimberly99@rewardsportal.org,kimberly99,Gold
M2092,katiemar19@rewardsportal.org,katiemar19,Silver
M3185,nataliec680@rewardsportal.org,nataliec680,Bronze
M2760,craigobr851@rewardsportal.org,craigobr851,Platinum
M2198,martinwi652@rewardsportal.org,martinwi652,Bronze
M3194,robertpe156@rewardsportal.org,robertpe156,Gold
M2992,marygree875@rewardsportal.org,marygree875,Bronze
M2316,marissan519@rewardsportal.org,marissan519,Bronze
M2698,nicholas220@rewardsportal.org,nicholas220,Silver
M2203,meghanwh852@rewardsportal.org,meghanwh852,Bronze
M2288,carlosha529@rewardsportal.org,carlosha529,Gold
M2278,thomasto655@rewardsportal.org,thomasto655,Gold
M3122,markthom337@rewardsportal.org,markthom337,Platinum
M2319,richardr569@rewardsportal.org,richardr569,Bronze
M2233,michaeln597@rewardsportal.org,michaeln597,Silver
M2505,jefferyb937@rewardsportal.org,jefferyb937,Bronze
M2756,lisali603@rewardsportal.org,lisali603,Bronze
M2566,alexmcca36@rewardsportal.org,alexmcca36,Silver
M2042,samantha522@rewardsportal.org,samantha522,Silver
M2765,sandrasa977@rewardsportal.org,sandrasa977,Bronze
M2715,evelynda554@rewardsportal.org,evelynda554,Gold
M2891,sarahtho788@rewardsportal.org,sarahtho788,Bronze
M2077,kevintho281@rewardsportal.org,kevintho281,Bronze
M2049,matthewh909@rewardsportal.org,matthewh909,Platinum
M2648,jameshol702@rewardsportal.org,jameshol702,Bronze
M2232,jennifer663@rewardsportal.org,jennifer663,Bronze
M2554,kelseyga993@rewardsportal.org,kelseyga993,Bronze
M2207,ruthrich803@rewardsportal.org,ruthrich803,Silver
M2598,leonarde109@rewardsportal.org,leonarde109,Bronze
M2799,alexgrah344@rewardsportal.org,alexgrah344,Silver
M3060,mistyher835@rewardsportal.org,mistyher835,Bronze
M2490,kaylawat550@rewardsportal.org,kaylawat550,Platinum
M2270,robertda47@rewardsportal.org,robertda47,Bronze
M2638,shawnhar222@rewardsportal.org,shawnhar222,Bronze
M3134,trevorgo421@rewardsportal.org,trevorgo421,Bronze
M2196,shawncol703@rewardsportal.org,shawncol703,Bronze
M2486,bryanmil469@rewardsportal.org,bryanmil469,Silver
M3041,deniseca566@rewardsportal.org,deniseca566,Platinum
M2268,jennifer431@rewardsportal.org,jennifer431,Silver
M2024,jeremyle711@rewardsportal.org,jeremyle711,Gold
M2264,michaelc462@rewardsportal.org,michaelc462,Bronze
M2569,traciewi746@rewardsportal.org,traciewi746,Silver
M2398,jerrysan973@rewardsportal.org,jerrysan973,Gold
M2577,erichays240@rewardsportal.org,erichays240,Platinum
M2015,krystals601@rewardsportal.org,krystals601,Silver
M2377,cynthiar472@rewardsportal.org,cynthiar472,Bronze
M2580,matthews138@rewardsportal.org,matthews138,Bronze
M2163,victoryo470@rewardsportal.org,victoryo470,Gold
M2607,morgancu698@rewardsportal.org,morgancu698,Bronze
M2414,cindyfue805@rewardsportal.org,cindyfue805,Silver
M2971,misskath189@rewardsportal.org,misskath189,Bronze
